PassengerId,Transported
2000,TRUE
2001,TRUE
2002,TRUE
2003,TRUE
2004,TRUE
2005,TRUE
2006,TRUE
2007,TRUE
2008,TRUE
2009,TRUE
2010,TRUE
2011,TRUE
2012,TRUE
2013,TRUE
2014,TRUE
2015,TRUE
2016,TRUE
2017,TRUE
2018,TRUE
2019,TRUE
2020,TRUE
2021,TRUE
2022,TRUE
2023,TRUE
2024,TRUE
2025,TRUE
2026,TRUE
2027,TRUE
2028,TRUE
2029,TRUE
2030,TRUE
2031,TRUE
2032,TRUE
2033,TRUE
2034,TRUE
2035,TRUE
2036,TRUE
2037,TRUE
2038,TRUE
2039,TRUE
2040,TRUE
2041,TRUE
2042,TRUE
2043,TRUE
2044,TRUE
2045,TRUE
2046,TRUE
2047,TRUE
2048,TRUE
2049,TRUE
2050,TRUE
2051,TRUE
2052,TRUE
2053,TRUE
2054,TRUE
2055,TRUE
2056,TRUE
2057,TRUE
2058,TRUE
2059,TRUE
2060,TRUE
2061,TRUE
2062,TRUE
2063,TRUE
2064,TRUE
2065,TRUE
2066,TRUE
2067,TRUE
2068,TRUE
2069,TRUE
2070,TRUE
2071,TRUE
2072,TRUE
2073,TRUE
2074,TRUE
2075,TRUE
2076,TRUE
2077,TRUE
2078,TRUE
2079,TRUE
2080,TRUE
2081,TRUE
2082,TRUE
2083,TRUE
2084,TRUE
2085,TRUE
2086,TRUE
2087,TRUE
2088,TRUE
2089,TRUE
2090,TRUE
2091,TRUE
2092,TRUE
2093,TRUE
2094,TRUE
2095,TRUE
2096,TRUE
2097,TRUE
2098,TRUE
2099,TRUE
2100,TRUE
2101,TRUE
2102,TRUE
2103,TRUE
2104,TRUE
2105,TRUE
2106,TRUE
2107,TRUE
2108,TRUE
2109,TRUE
2110,TRUE
2111,TRUE
2112,TRUE
2113,TRUE
2114,TRUE
2115,TRUE
2116,TRUE
2117,TRUE
2118,TRUE
2119,TRUE
2120,TRUE
2121,TRUE
2122,TRUE
2123,TRUE
2124,TRUE
2125,TRUE
2126,TRUE
2127,TRUE
2128,TRUE
2129,TRUE
2130,TRUE
2131,TRUE
2132,TRUE
2133,TRUE
2134,TRUE
2135,TRUE
2136,TRUE
2137,TRUE
2138,TRUE
2139,TRUE
2140,TRUE
2141,TRUE
2142,TRUE
2143,TRUE
2144,TRUE
2145,TRUE
2146,TRUE
2147,TRUE
2148,TRUE
2149,TRUE
2150,TRUE
2151,TRUE
2152,TRUE
2153,TRUE
2154,TRUE
2155,TRUE
2156,TRUE
2157,TRUE
2158,TRUE
2159,TRUE
2160,TRUE
2161,TRUE
2162,TRUE
2163,TRUE
2164,TRUE
2165,TRUE
2166,TRUE
2167,TRUE
2168,TRUE
2169,TRUE
2170,TRUE
2171,TRUE
2172,TRUE
2173,TRUE
2174,TRUE
2175,TRUE
2176,TRUE
2177,TRUE
2178,TRUE
2179,TRUE
2180,TRUE
2181,TRUE
2182,TRUE
2183,TRUE
2184,TRUE
2185,TRUE
2186,TRUE
2187,TRUE
2188,TRUE
2189,TRUE
2190,TRUE
2191,TRUE
2192,TRUE
2193,TRUE
2194,TRUE
2195,TRUE
2196,TRUE
2197,TRUE
2198,TRUE
2199,TRUE
2200,TRUE
2201,TRUE
2202,TRUE
2203,TRUE
2204,TRUE
2205,TRUE
2206,TRUE
2207,TRUE
2208,TRUE
2209,TRUE
2210,TRUE
2211,TRUE
2212,TRUE
2213,TRUE
2214,TRUE
2215,TRUE
2216,TRUE
2217,TRUE
2218,TRUE
2219,TRUE
2220,TRUE
2221,TRUE
2222,TRUE
2223,TRUE
2224,TRUE
2225,TRUE
2226,TRUE
2227,TRUE
2228,TRUE
2229,TRUE
2230,TRUE
2231,TRUE
2232,TRUE
2233,TRUE
2234,TRUE
2235,TRUE
2236,TRUE
2237,TRUE
2238,TRUE
2239,TRUE
2240,TRUE
2241,TRUE
2242,TRUE
2243,TRUE
2244,TRUE
2245,TRUE
2246,TRUE
2247,TRUE
2248,TRUE
2249,TRUE
2250,TRUE
2251,TRUE
2252,TRUE
2253,TRUE
2254,TRUE
2255,TRUE
2256,TRUE
2257,TRUE
2258,TRUE
2259,TRUE
2260,TRUE
2261,TRUE
2262,TRUE
2263,TRUE
2264,TRUE
2265,TRUE
2266,TRUE
2267,TRUE
2268,TRUE
2269,TRUE
2270,TRUE
2271,TRUE
2272,TRUE
2273,TRUE
2274,TRUE
2275,TRUE
2276,TRUE
2277,TRUE
2278,TRUE
2279,TRUE
2280,TRUE
2281,TRUE
2282,TRUE
2283,TRUE
2284,TRUE
2285,TRUE
2286,TRUE
2287,TRUE
2288,TRUE
2289,TRUE
2290,TRUE
2291,TRUE
2292,TRUE
2293,TRUE
2294,TRUE
2295,TRUE
2296,TRUE
2297,TRUE
2298,TRUE
2299,TRUE
2300,TRUE
2301,TRUE
2302,TRUE
2303,TRUE
2304,TRUE
2305,TRUE
2306,TRUE
2307,TRUE
2308,TRUE
2309,TRUE
2310,TRUE
2311,TRUE
2312,TRUE
2313,TRUE
2314,TRUE
2315,TRUE
2316,TRUE
2317,TRUE
2318,TRUE
2319,TRUE
2320,TRUE
2321,TRUE
2322,TRUE
2323,TRUE
2324,TRUE
2325,TRUE
2326,TRUE
2327,TRUE
2328,TRUE
2329,TRUE
2330,TRUE
2331,TRUE
2332,TRUE
2333,TRUE
2334,TRUE
2335,TRUE
2336,TRUE
2337,TRUE
2338,TRUE
2339,TRUE
2340,TRUE
2341,TRUE
2342,TRUE
2343,TRUE
2344,TRUE
2345,TRUE
2346,TRUE
2347,TRUE
2348,TRUE
2349,TRUE
2350,TRUE
2351,TRUE
2352,TRUE
2353,TRUE
2354,TRUE
2355,TRUE
2356,TRUE
2357,TRUE
2358,TRUE
2359,TRUE
2360,TRUE
2361,TRUE
2362,TRUE
2363,TRUE
2364,TRUE
2365,TRUE
2366,TRUE
2367,TRUE
2368,TRUE
2369,TRUE
2370,TRUE
2371,TRUE
2372,TRUE
2373,TRUE
2374,TRUE
2375,TRUE
2376,TRUE
2377,TRUE
2378,TRUE
2379,TRUE
2380,TRUE
2381,TRUE
2382,TRUE
2383,TRUE
2384,TRUE
2385,TRUE
2386,TRUE
2387,TRUE
2388,TRUE
2389,TRUE
2390,TRUE
2391,TRUE
2392,TRUE
2393,TRUE
2394,TRUE
2395,TRUE
2396,TRUE
2397,TRUE
2398,TRUE
2399,TRUE
2400,TRUE
2401,TRUE
2402,TRUE
2403,TRUE
2404,TRUE
2405,TRUE
2406,TRUE
2407,TRUE
2408,TRUE
2409,TRUE
2410,TRUE
2411,TRUE
2412,TRUE
2413,TRUE
2414,TRUE
2415,TRUE
2416,TRUE
2417,TRUE
2418,TRUE
2419,TRUE
2420,TRUE
2421,TRUE
2422,TRUE
2423,TRUE
2424,TRUE
2425,TRUE
2426,TRUE
2427,TRUE
2428,TRUE
2429,TRUE
2430,TRUE
2431,TRUE
2432,TRUE
2433,TRUE
2434,TRUE
2435,TRUE
2436,TRUE
2437,TRUE
2438,TRUE
2439,TRUE
2440,TRUE
2441,TRUE
2442,TRUE
2443,TRUE
2444,TRUE
2445,TRUE
2446,TRUE
2447,TRUE
2448,TRUE
2449,TRUE
2450,TRUE
2451,TRUE
2452,TRUE
2453,TRUE
2454,TRUE
2455,TRUE
2456,TRUE
2457,TRUE
2458,TRUE
2459,TRUE
2460,TRUE
2461,TRUE
2462,TRUE
2463,TRUE
2464,TRUE
2465,TRUE
2466,TRUE
2467,TRUE
2468,TRUE
2469,TRUE
2470,TRUE
2471,TRUE
2472,TRUE
2473,TRUE
2474,TRUE
2475,TRUE
2476,TRUE
2477,TRUE
2478,TRUE
2479,TRUE
2480,TRUE
2481,TRUE
2482,TRUE
2483,TRUE
2484,TRUE
2485,TRUE
2486,TRUE
2487,TRUE
2488,TRUE
2489,TRUE
2490,TRUE
2491,TRUE
2492,TRUE
2493,TRUE
2494,TRUE
2495,TRUE
2496,TRUE
2497,TRUE
2498,TRUE
2499,TRUE
2500,TRUE
2501,TRUE
2502,TRUE
2503,TRUE
2504,TRUE
2505,TRUE
2506,TRUE
2507,TRUE
2508,TRUE
2509,TRUE
2510,TRUE
2511,TRUE
2512,TRUE
2513,TRUE
2514,TRUE
2515,TRUE
2516,TRUE
2517,TRUE
2518,TRUE
2519,TRUE
2520,TRUE
2521,TRUE
2522,TRUE
2523,TRUE
2524,TRUE
2525,TRUE
2526,TRUE
2527,TRUE
2528,TRUE
2529,TRUE
2530,TRUE
2531,TRUE
2532,TRUE
2533,TRUE
2534,TRUE
2535,TRUE
2536,TRUE
2537,TRUE
2538,TRUE
2539,TRUE
2540,TRUE
2541,TRUE
2542,TRUE
2543,TRUE
2544,TRUE
2545,TRUE
2546,TRUE
2547,TRUE
2548,TRUE
2549,TRUE
2550,TRUE
2551,TRUE
2552,TRUE
2553,TRUE
2554,TRUE
2555,TRUE
2556,TRUE
2557,TRUE
2558,TRUE
2559,TRUE
2560,TRUE
2561,TRUE
2562,TRUE
2563,TRUE
2564,TRUE
2565,TRUE
2566,TRUE
2567,TRUE
2568,TRUE
2569,TRUE
2570,TRUE
2571,TRUE
2572,TRUE
2573,TRUE
2574,TRUE
2575,TRUE
2576,TRUE
2577,TRUE
2578,TRUE
2579,TRUE
2580,TRUE
2581,TRUE
2582,TRUE
2583,TRUE
2584,TRUE
2585,TRUE
2586,TRUE
2587,TRUE
2588,TRUE
2589,TRUE
2590,TRUE
2591,TRUE
2592,TRUE
2593,TRUE
2594,TRUE
2595,TRUE
2596,TRUE
2597,TRUE
2598,TRUE
2599,TRUE
2600,TRUE
2601,TRUE
2602,TRUE
2603,TRUE
2604,TRUE
2605,TRUE
2606,TRUE
2607,TRUE
2608,TRUE
2609,TRUE
2610,TRUE
2611,TRUE
2612,TRUE
2613,TRUE
2614,TRUE
2615,TRUE
2616,TRUE
2617,TRUE
2618,TRUE
2619,TRUE
2620,TRUE
2621,TRUE
2622,TRUE
2623,TRUE
2624,TRUE
2625,TRUE
2626,TRUE
2627,TRUE
2628,TRUE
2629,TRUE
2630,TRUE
2631,TRUE
2632,TRUE
2633,TRUE
2634,TRUE
2635,TRUE
2636,TRUE
2637,TRUE
2638,TRUE
2639,TRUE
2640,TRUE
2641,TRUE
2642,TRUE
2643,TRUE
2644,TRUE
2645,TRUE
2646,TRUE
2647,TRUE
2648,TRUE
2649,TRUE
2650,TRUE
2651,TRUE
2652,TRUE
2653,TRUE
2654,TRUE
2655,TRUE
2656,TRUE
2657,TRUE
2658,TRUE
2659,TRUE
2660,TRUE
2661,TRUE
2662,TRUE
2663,TRUE
2664,TRUE
2665,TRUE
2666,TRUE
2667,TRUE
2668,TRUE
2669,TRUE
2670,TRUE
2671,TRUE
2672,TRUE
2673,TRUE
2674,TRUE
2675,TRUE
2676,TRUE
2677,TRUE
2678,TRUE
2679,TRUE
2680,TRUE
2681,TRUE
2682,TRUE
2683,TRUE
2684,TRUE
2685,TRUE
2686,TRUE
2687,TRUE
2688,TRUE
2689,TRUE
2690,TRUE
2691,TRUE
2692,TRUE
2693,TRUE
2694,TRUE
2695,TRUE
2696,TRUE
2697,TRUE
2698,TRUE
2699,TRUE
2700,TRUE
2701,TRUE
2702,TRUE
2703,TRUE
2704,TRUE
2705,TRUE
2706,TRUE
2707,TRUE
2708,TRUE
2709,TRUE
2710,TRUE
2711,TRUE
2712,TRUE
2713,TRUE
2714,TRUE
2715,TRUE
2716,TRUE
2717,TRUE
2718,TRUE
2719,TRUE
2720,TRUE
2721,TRUE
2722,TRUE
2723,TRUE
2724,TRUE
2725,TRUE
2726,TRUE
2727,TRUE
2728,TRUE
2729,TRUE
2730,TRUE
2731,TRUE
2732,TRUE
2733,TRUE
2734,TRUE
2735,TRUE
2736,TRUE
2737,TRUE
2738,TRUE
2739,TRUE
2740,TRUE
2741,TRUE
2742,TRUE
2743,TRUE
2744,TRUE
2745,TRUE
2746,TRUE
2747,TRUE
2748,TRUE
2749,TRUE
2750,TRUE
2751,TRUE
2752,TRUE
2753,TRUE
2754,TRUE
2755,TRUE
2756,TRUE
2757,TRUE
2758,TRUE
2759,TRUE
2760,TRUE
2761,TRUE
2762,TRUE
2763,TRUE
2764,TRUE
2765,TRUE
2766,TRUE
2767,TRUE
2768,TRUE
2769,TRUE
2770,TRUE
2771,TRUE
2772,TRUE
2773,TRUE
2774,TRUE
2775,TRUE
2776,TRUE
2777,TRUE
2778,TRUE
2779,TRUE
2780,TRUE
2781,TRUE
2782,TRUE
2783,TRUE
2784,TRUE
2785,TRUE
2786,TRUE
2787,TRUE
2788,TRUE
2789,TRUE
2790,TRUE
2791,TRUE
2792,TRUE
2793,TRUE
2794,TRUE
2795,TRUE
2796,TRUE
2797,TRUE
2798,TRUE
2799,TRUE
2800,TRUE
2801,TRUE
2802,TRUE
2803,TRUE
2804,TRUE
2805,TRUE
2806,TRUE
2807,TRUE
2808,TRUE
2809,TRUE
2810,TRUE
2811,TRUE
2812,TRUE
2813,TRUE
2814,TRUE
2815,TRUE
2816,TRUE
2817,TRUE
2818,TRUE
2819,TRUE
2820,TRUE
2821,TRUE
2822,TRUE
2823,TRUE
2824,TRUE
2825,TRUE
2826,TRUE
2827,TRUE
2828,TRUE
2829,TRUE
2830,TRUE
2831,TRUE
2832,TRUE
2833,TRUE
2834,TRUE
2835,TRUE
2836,TRUE
2837,TRUE
2838,TRUE
2839,TRUE
2840,TRUE
2841,TRUE
2842,TRUE
2843,TRUE
2844,TRUE
2845,TRUE
2846,TRUE
2847,TRUE
2848,TRUE
2849,TRUE
2850,TRUE
2851,TRUE
2852,TRUE
2853,TRUE
2854,TRUE
2855,TRUE
2856,TRUE
2857,TRUE
2858,TRUE
2859,TRUE
2860,TRUE
2861,TRUE
2862,TRUE
2863,TRUE
2864,TRUE
2865,TRUE
2866,TRUE
2867,TRUE
2868,TRUE
2869,TRUE
2870,TRUE
2871,TRUE
2872,TRUE
2873,TRUE
2874,TRUE
2875,TRUE
2876,TRUE
2877,TRUE
2878,TRUE
2879,TRUE
2880,TRUE
2881,TRUE
2882,TRUE
2883,TRUE
2884,TRUE
2885,TRUE
2886,TRUE
2887,TRUE
2888,TRUE
2889,TRUE
2890,TRUE
2891,TRUE
2892,TRUE
2893,TRUE
2894,TRUE
2895,TRUE
2896,TRUE
2897,TRUE
2898,TRUE
2899,TRUE
2900,TRUE
2901,TRUE
2902,TRUE
2903,TRUE
2904,TRUE
2905,TRUE
2906,TRUE
2907,TRUE
2908,TRUE
2909,TRUE
2910,TRUE
2911,TRUE
2912,TRUE
2913,TRUE
2914,TRUE
2915,TRUE
2916,TRUE
2917,TRUE
2918,TRUE
2919,TRUE
2920,TRUE
2921,TRUE
2922,TRUE
2923,TRUE
2924,TRUE
2925,TRUE
2926,TRUE
2927,TRUE
2928,TRUE
2929,TRUE
2930,TRUE
2931,TRUE
2932,TRUE
2933,TRUE
2934,TRUE
2935,TRUE
2936,TRUE
2937,TRUE
2938,TRUE
2939,TRUE
2940,TRUE
2941,TRUE
2942,TRUE
2943,TRUE
2944,TRUE
2945,TRUE
2946,TRUE
2947,TRUE
2948,TRUE
2949,TRUE
2950,TRUE
2951,TRUE
2952,TRUE
2953,TRUE
2954,TRUE
2955,TRUE
2956,TRUE
2957,TRUE
2958,TRUE
2959,TRUE
2960,TRUE
2961,TRUE
2962,TRUE
2963,TRUE
2964,TRUE
2965,TRUE
2966,TRUE
2967,TRUE
2968,TRUE
2969,TRUE
2970,TRUE
2971,TRUE
2972,TRUE
2973,TRUE
2974,TRUE
2975,TRUE
2976,TRUE
2977,TRUE
2978,TRUE
2979,TRUE
2980,TRUE
2981,TRUE
2982,TRUE
2983,TRUE
2984,TRUE
2985,TRUE
2986,TRUE
2987,TRUE
2988,TRUE
2989,TRUE
2990,TRUE
2991,TRUE
2992,TRUE
2993,TRUE
2994,TRUE
2995,TRUE
2996,TRUE
2997,TRUE
2998,TRUE
2999,TRUE
3000,TRUE
3001,TRUE
3002,TRUE
3003,TRUE
3004,TRUE
3005,TRUE
3006,TRUE
3007,TRUE
3008,TRUE
3009,TRUE
3010,TRUE
3011,TRUE
3012,TRUE
3013,TRUE
3014,TRUE
3015,TRUE
3016,TRUE
3017,TRUE
3018,TRUE
3019,TRUE
3020,TRUE
3021,TRUE
3022,TRUE
3023,TRUE
3024,TRUE
3025,TRUE
3026,TRUE
3027,TRUE
3028,TRUE
3029,TRUE
3030,TRUE
3031,TRUE
3032,TRUE
3033,TRUE
3034,TRUE
3035,TRUE
3036,TRUE
3037,TRUE
3038,TRUE
3039,TRUE
3040,TRUE
3041,TRUE
3042,TRUE
3043,TRUE
3044,TRUE
3045,TRUE
3046,TRUE
3047,TRUE
3048,TRUE
3049,TRUE
3050,TRUE
3051,TRUE
3052,TRUE
3053,TRUE
3054,TRUE
3055,TRUE
3056,TRUE
3057,TRUE
3058,TRUE
3059,TRUE
3060,TRUE
3061,TRUE
3062,TRUE
3063,TRUE
3064,TRUE
3065,TRUE
3066,TRUE
3067,TRUE
3068,TRUE
3069,TRUE
3070,TRUE
3071,TRUE
3072,TRUE
3073,TRUE
3074,TRUE
3075,TRUE
3076,TRUE
3077,TRUE
3078,TRUE
3079,TRUE
3080,TRUE
3081,TRUE
3082,TRUE
3083,TRUE
3084,TRUE
3085,TRUE
3086,TRUE
3087,TRUE
3088,TRUE
3089,TRUE
3090,TRUE
3091,TRUE
3092,TRUE
3093,TRUE
3094,TRUE
3095,TRUE
3096,TRUE
3097,TRUE
3098,TRUE
3099,TRUE
3100,TRUE
3101,TRUE
3102,TRUE
3103,TRUE
3104,TRUE
3105,TRUE
3106,TRUE
3107,TRUE
3108,TRUE
3109,TRUE
3110,TRUE
3111,TRUE
3112,TRUE
3113,TRUE
3114,TRUE
3115,TRUE
3116,TRUE
3117,TRUE
3118,TRUE
3119,TRUE
3120,TRUE
3121,TRUE
3122,TRUE
3123,TRUE
3124,TRUE
3125,TRUE
3126,TRUE
3127,TRUE
3128,TRUE
3129,TRUE
3130,TRUE
3131,TRUE
3132,TRUE
3133,TRUE
3134,TRUE
3135,TRUE
3136,TRUE
3137,TRUE
3138,TRUE
3139,TRUE
3140,TRUE
3141,TRUE
3142,TRUE
3143,TRUE
3144,TRUE
3145,TRUE
3146,TRUE
3147,TRUE
3148,TRUE
3149,TRUE
3150,TRUE
3151,TRUE
3152,TRUE
3153,TRUE
3154,TRUE
3155,TRUE
3156,TRUE
3157,TRUE
3158,TRUE
3159,TRUE
3160,TRUE
3161,TRUE
3162,TRUE
3163,TRUE
3164,TRUE
3165,TRUE
3166,TRUE
3167,TRUE
3168,TRUE
3169,TRUE
3170,TRUE
3171,TRUE
3172,TRUE
3173,TRUE
3174,TRUE
3175,TRUE
3176,TRUE
3177,TRUE
3178,TRUE
3179,TRUE
3180,TRUE
3181,TRUE
3182,TRUE
3183,TRUE
3184,TRUE
3185,TRUE
3186,TRUE
3187,TRUE
3188,TRUE
3189,TRUE
3190,TRUE
3191,TRUE
3192,TRUE
3193,TRUE
3194,TRUE
3195,TRUE
3196,TRUE
3197,TRUE
3198,TRUE
3199,TRUE
3200,TRUE
3201,TRUE
3202,TRUE
3203,TRUE
3204,TRUE
3205,TRUE
3206,TRUE
3207,TRUE
3208,TRUE
3209,TRUE
3210,TRUE
3211,TRUE
3212,TRUE
3213,TRUE
3214,TRUE
3215,TRUE
3216,TRUE
3217,TRUE
3218,TRUE
3219,TRUE
3220,TRUE
3221,TRUE
3222,TRUE
3223,TRUE
3224,TRUE
3225,TRUE
3226,TRUE
3227,TRUE
3228,TRUE
3229,TRUE
3230,TRUE
3231,TRUE
3232,TRUE
3233,TRUE
3234,TRUE
3235,TRUE
3236,TRUE
3237,TRUE
3238,TRUE
3239,TRUE
3240,TRUE
3241,TRUE
3242,TRUE
3243,TRUE
3244,TRUE
3245,TRUE
3246,TRUE
3247,TRUE
3248,TRUE
3249,TRUE
3250,TRUE
3251,TRUE
3252,TRUE
3253,TRUE
3254,TRUE
3255,TRUE
3256,TRUE
3257,TRUE
3258,TRUE
3259,TRUE
3260,TRUE
3261,TRUE
3262,TRUE
3263,TRUE
3264,TRUE
3265,TRUE
3266,TRUE
3267,TRUE
3268,TRUE
3269,TRUE
3270,TRUE
3271,TRUE
3272,TRUE
3273,TRUE
3274,TRUE
3275,TRUE
3276,TRUE
3277,TRUE
3278,TRUE
3279,TRUE
3280,TRUE
3281,TRUE
3282,TRUE
3283,TRUE
3284,TRUE
3285,TRUE
3286,TRUE
3287,TRUE
3288,TRUE
3289,TRUE
3290,TRUE
3291,TRUE
3292,TRUE
3293,TRUE
3294,TRUE
3295,TRUE
3296,TRUE
3297,TRUE
3298,TRUE
3299,TRUE
3300,TRUE
3301,TRUE
3302,TRUE
3303,TRUE
3304,TRUE
3305,TRUE
3306,TRUE
3307,TRUE
3308,TRUE
3309,TRUE
3310,TRUE
3311,TRUE
3312,TRUE
3313,TRUE
3314,TRUE
3315,TRUE
3316,TRUE
3317,TRUE
3318,TRUE
3319,TRUE
3320,TRUE
3321,TRUE
3322,TRUE
3323,TRUE
3324,TRUE
3325,TRUE
3326,TRUE
3327,TRUE
3328,TRUE
3329,TRUE
3330,TRUE
3331,TRUE
3332,TRUE
3333,TRUE
3334,TRUE
3335,TRUE
3336,TRUE
3337,TRUE
3338,TRUE
3339,TRUE
3340,TRUE
3341,TRUE
3342,TRUE
3343,TRUE
3344,TRUE
3345,TRUE
3346,TRUE
3347,TRUE
3348,TRUE
3349,TRUE
3350,TRUE
3351,TRUE
3352,TRUE
3353,TRUE
3354,TRUE
3355,TRUE
3356,TRUE
3357,TRUE
3358,TRUE
3359,TRUE
3360,TRUE
3361,TRUE
3362,TRUE
3363,TRUE
3364,TRUE
3365,TRUE
3366,TRUE
3367,TRUE
3368,TRUE
3369,TRUE
3370,TRUE
3371,TRUE
3372,TRUE
3373,TRUE
3374,TRUE
3375,TRUE
3376,TRUE
3377,TRUE
3378,TRUE
3379,TRUE
3380,TRUE
3381,TRUE
3382,TRUE
3383,TRUE
3384,TRUE
3385,TRUE
3386,TRUE
3387,TRUE
3388,TRUE
3389,TRUE
3390,TRUE
3391,TRUE
3392,TRUE
3393,TRUE
3394,TRUE
3395,TRUE
3396,TRUE
3397,TRUE
3398,TRUE
3399,TRUE
3400,TRUE
3401,TRUE
3402,TRUE
3403,TRUE
3404,TRUE
3405,TRUE
3406,TRUE
3407,TRUE
3408,TRUE
3409,TRUE
3410,TRUE
3411,TRUE
3412,TRUE
3413,TRUE
3414,TRUE
3415,TRUE
3416,TRUE
3417,TRUE
3418,TRUE
3419,TRUE
3420,TRUE
3421,TRUE
3422,TRUE
3423,TRUE
3424,TRUE
3425,TRUE
3426,TRUE
3427,TRUE
3428,TRUE
3429,TRUE
3430,TRUE
3431,TRUE
3432,TRUE
3433,TRUE
3434,TRUE
3435,TRUE
3436,TRUE
3437,TRUE
3438,TRUE
3439,TRUE
3440,TRUE
3441,TRUE
3442,TRUE
3443,TRUE
3444,TRUE
3445,TRUE
3446,TRUE
3447,TRUE
3448,TRUE
3449,TRUE
3450,TRUE
3451,TRUE
3452,TRUE
3453,TRUE
3454,TRUE
3455,FALSE
3456,FALSE
3457,FALSE
3458,FALSE
3459,TRUE
3460,TRUE
3461,TRUE
3462,FALSE
3463,FALSE
3464,FALSE
3465,FALSE
3466,FALSE
3467,FALSE
3468,FALSE
3469,FALSE
3470,TRUE
3471,FALSE
3472,TRUE
3473,FALSE
3474,FALSE
3475,FALSE
3476,FALSE
3477,FALSE
3478,TRUE
3479,TRUE
3480,TRUE
3481,FALSE
3482,TRUE
3483,TRUE
3484,TRUE
3485,FALSE
3486,FALSE
3487,FALSE
3488,TRUE
3489,FALSE
3490,FALSE
3491,TRUE
3492,FALSE
3493,TRUE
3494,FALSE
3495,TRUE
3496,TRUE
3497,TRUE
3498,FALSE
3499,FALSE
3500,FALSE
3501,TRUE
3502,FALSE
3503,FALSE
3504,FALSE
3505,FALSE
3506,FALSE
3507,FALSE
3508,TRUE
3509,FALSE
3510,TRUE
3511,TRUE
3512,TRUE
3513,FALSE
3514,FALSE
3515,TRUE
3516,TRUE
3517,TRUE
3518,FALSE
3519,FALSE
3520,FALSE
3521,TRUE
3522,FALSE
3523,FALSE
3524,TRUE
3525,FALSE
3526,FALSE
3527,TRUE
3528,FALSE
3529,TRUE
3530,FALSE
3531,TRUE
3532,TRUE
3533,TRUE
3534,TRUE
3535,FALSE
3536,TRUE
3537,TRUE
3538,TRUE
3539,FALSE
3540,FALSE
3541,TRUE
3542,TRUE
3543,TRUE
3544,FALSE
3545,TRUE
3546,FALSE
3547,FALSE
3548,FALSE
3549,FALSE
3550,FALSE
3551,FALSE
3552,TRUE
3553,TRUE
3554,TRUE
3555,FALSE
3556,FALSE
3557,FALSE
3558,FALSE
3559,TRUE
3560,TRUE
3561,FALSE
3562,FALSE
3563,TRUE
3564,TRUE
3565,TRUE
3566,TRUE
3567,FALSE
3568,TRUE
3569,FALSE
3570,TRUE
3571,TRUE
3572,TRUE
3573,FALSE
3574,TRUE
3575,TRUE
3576,TRUE
3577,FALSE
3578,FALSE
3579,TRUE
3580,FALSE
3581,FALSE
3582,TRUE
3583,FALSE
3584,TRUE
3585,FALSE
3586,TRUE
3587,FALSE
3588,FALSE
3589,FALSE
3590,TRUE
3591,TRUE
3592,FALSE
3593,TRUE
3594,FALSE
3595,FALSE
3596,TRUE
3597,TRUE
3598,FALSE
3599,TRUE
3600,FALSE
3601,TRUE
3602,FALSE
3603,FALSE
3604,FALSE
3605,TRUE
3606,FALSE
3607,FALSE
3608,TRUE
3609,TRUE
3610,FALSE
3611,TRUE
3612,TRUE
3613,TRUE
3614,FALSE
3615,FALSE
3616,TRUE
3617,TRUE
3618,FALSE
3619,FALSE
3620,FALSE
3621,TRUE
3622,TRUE
3623,TRUE
3624,FALSE
3625,FALSE
3626,TRUE
3627,TRUE
3628,FALSE
3629,FALSE
3630,TRUE
3631,FALSE
3632,FALSE
3633,FALSE
3634,FALSE
3635,FALSE
3636,FALSE
3637,FALSE
3638,TRUE
3639,FALSE
3640,FALSE
3641,FALSE
3642,TRUE
3643,FALSE
3644,FALSE
3645,FALSE
3646,TRUE
3647,TRUE
3648,FALSE
3649,TRUE
3650,FALSE
3651,FALSE
3652,FALSE
3653,TRUE
3654,FALSE
3655,TRUE
3656,FALSE
3657,FALSE
3658,TRUE
3659,TRUE
3660,FALSE
3661,TRUE
3662,TRUE
3663,TRUE
3664,TRUE
3665,FALSE
3666,FALSE
3667,TRUE
3668,FALSE
3669,TRUE
3670,TRUE
3671,TRUE
3672,TRUE
3673,TRUE
3674,TRUE
3675,FALSE
3676,TRUE
3677,TRUE
3678,TRUE
3679,TRUE
3680,FALSE
3681,TRUE
3682,FALSE
3683,TRUE
3684,TRUE
3685,TRUE
3686,FALSE
3687,FALSE
3688,TRUE
3689,FALSE
3690,TRUE
3691,TRUE
3692,TRUE
3693,FALSE
3694,FALSE
3695,FALSE
3696,TRUE
3697,TRUE
3698,TRUE
3699,FALSE
3700,TRUE
3701,FALSE
3702,FALSE
3703,FALSE
3704,TRUE
3705,TRUE
3706,FALSE
3707,TRUE
3708,TRUE
3709,TRUE
3710,FALSE
3711,TRUE
3712,TRUE
3713,FALSE
3714,FALSE
3715,TRUE
3716,TRUE
3717,TRUE
3718,FALSE
3719,TRUE
3720,FALSE
3721,FALSE
3722,FALSE
3723,TRUE
3724,FALSE
3725,FALSE
3726,FALSE
3727,TRUE
3728,TRUE
3729,FALSE
3730,TRUE
3731,TRUE
3732,FALSE
3733,FALSE
3734,TRUE
3735,TRUE
3736,FALSE
3737,FALSE
3738,FALSE
3739,TRUE
3740,TRUE
3741,FALSE
3742,TRUE
3743,FALSE
3744,FALSE
3745,TRUE
3746,FALSE
3747,FALSE
3748,TRUE
3749,FALSE
3750,FALSE
3751,TRUE
3752,FALSE
3753,FALSE
3754,FALSE
3755,TRUE
3756,FALSE
3757,FALSE
3758,FALSE
3759,FALSE
3760,TRUE
3761,FALSE
3762,TRUE
3763,TRUE
3764,TRUE
3765,TRUE
3766,TRUE
3767,FALSE
3768,FALSE
3769,FALSE
3770,TRUE
3771,TRUE
3772,TRUE
3773,TRUE
3774,TRUE
3775,FALSE
3776,TRUE
3777,TRUE
3778,FALSE
3779,TRUE
3780,FALSE
3781,TRUE
3782,FALSE
3783,FALSE
3784,TRUE
3785,TRUE
3786,TRUE
3787,FALSE
3788,TRUE
3789,FALSE
3790,TRUE
3791,FALSE
3792,FALSE
3793,FALSE
3794,TRUE
3795,FALSE
3796,FALSE
3797,TRUE
3798,FALSE
3799,FALSE
3800,FALSE
3801,TRUE
3802,FALSE
3803,TRUE
3804,FALSE
3805,FALSE
3806,FALSE
3807,FALSE
3808,TRUE
3809,TRUE
3810,TRUE
3811,FALSE
3812,TRUE
3813,TRUE
3814,FALSE
3815,FALSE
3816,TRUE
3817,TRUE
3818,FALSE
3819,TRUE
3820,TRUE
3821,TRUE
3822,FALSE
3823,TRUE
3824,FALSE
3825,FALSE
3826,FALSE
3827,FALSE
3828,FALSE
3829,FALSE
3830,FALSE
3831,FALSE
3832,TRUE
3833,FALSE
3834,TRUE
3835,TRUE
3836,TRUE
3837,TRUE
3838,TRUE
3839,FALSE
3840,FALSE
3841,FALSE
3842,TRUE
3843,FALSE
3844,TRUE
3845,FALSE
3846,FALSE
3847,FALSE
3848,FALSE
3849,TRUE
3850,FALSE
3851,FALSE
3852,FALSE
3853,TRUE
3854,FALSE
3855,TRUE
3856,FALSE
3857,TRUE
3858,TRUE
3859,FALSE
3860,TRUE
3861,TRUE
3862,TRUE
3863,TRUE
3864,TRUE
3865,TRUE
3866,TRUE
3867,TRUE
3868,FALSE
3869,TRUE
3870,TRUE
3871,TRUE
3872,TRUE
3873,FALSE
3874,FALSE
3875,TRUE
3876,FALSE
3877,FALSE
3878,FALSE
3879,TRUE
3880,TRUE
3881,FALSE
3882,FALSE
3883,TRUE
3884,FALSE
3885,TRUE
3886,FALSE
3887,FALSE
3888,FALSE
3889,FALSE
3890,TRUE
3891,TRUE
3892,FALSE
3893,TRUE
3894,TRUE
3895,FALSE
3896,FALSE
3897,TRUE
3898,TRUE
3899,TRUE
3900,FALSE
3901,FALSE
3902,TRUE
3903,TRUE
3904,FALSE
3905,TRUE
3906,FALSE
3907,FALSE
3908,FALSE
3909,FALSE
3910,FALSE
3911,TRUE
3912,FALSE
3913,TRUE
3914,TRUE
3915,TRUE
3916,FALSE
3917,FALSE
3918,TRUE
3919,FALSE
3920,TRUE
3921,TRUE
3922,FALSE
3923,FALSE
3924,TRUE
3925,TRUE
3926,TRUE
3927,FALSE
3928,FALSE
3929,FALSE
3930,TRUE
3931,FALSE
3932,TRUE
3933,FALSE
3934,TRUE
3935,FALSE
3936,FALSE
3937,FALSE
3938,FALSE
3939,TRUE
3940,TRUE
3941,TRUE
3942,FALSE
3943,TRUE
3944,FALSE
3945,FALSE
3946,TRUE
3947,TRUE
3948,TRUE
3949,FALSE
3950,FALSE
3951,TRUE
3952,FALSE
3953,TRUE
3954,FALSE
3955,FALSE
3956,FALSE
3957,FALSE
3958,FALSE
3959,TRUE
3960,FALSE
3961,TRUE
3962,FALSE
3963,FALSE
3964,FALSE
3965,TRUE
3966,TRUE
3967,TRUE
3968,FALSE
3969,FALSE
3970,FALSE
3971,FALSE
3972,TRUE
3973,FALSE
3974,FALSE
3975,FALSE
3976,FALSE
3977,FALSE
3978,TRUE
3979,TRUE
3980,FALSE
3981,TRUE
3982,TRUE
3983,FALSE
3984,FALSE
3985,TRUE
3986,TRUE
3987,TRUE
3988,TRUE
3989,FALSE
3990,TRUE
3991,FALSE
3992,FALSE
3993,TRUE
3994,FALSE
3995,FALSE
3996,TRUE
3997,TRUE
3998,FALSE
3999,FALSE
4000,FALSE
4001,FALSE
4002,TRUE
4003,TRUE
4004,TRUE
4005,TRUE
4006,FALSE
4007,FALSE
4008,FALSE
4009,TRUE
4010,FALSE
4011,FALSE
4012,TRUE
4013,TRUE
4014,TRUE
4015,TRUE
4016,TRUE
4017,TRUE
4018,FALSE
4019,TRUE
4020,TRUE
4021,TRUE
4022,TRUE
4023,FALSE
4024,TRUE
4025,FALSE
4026,TRUE
4027,FALSE
4028,FALSE
4029,FALSE
4030,FALSE
4031,FALSE
4032,FALSE
4033,FALSE
4034,FALSE
4035,FALSE
4036,TRUE
4037,TRUE
4038,TRUE
4039,TRUE
4040,TRUE
4041,FALSE
4042,TRUE
4043,TRUE
4044,FALSE
4045,FALSE
4046,TRUE
4047,FALSE
4048,FALSE
4049,TRUE
4050,TRUE
4051,FALSE
4052,FALSE
4053,FALSE
4054,TRUE
4055,TRUE
4056,TRUE
4057,FALSE
4058,FALSE
4059,FALSE
4060,TRUE
4061,TRUE
4062,FALSE
4063,TRUE
4064,FALSE
4065,FALSE
4066,TRUE
4067,TRUE
4068,FALSE
4069,FALSE
4070,FALSE
4071,FALSE
4072,FALSE
4073,FALSE
4074,FALSE
4075,TRUE
4076,FALSE
4077,FALSE
4078,TRUE
4079,FALSE
4080,FALSE
4081,FALSE
4082,FALSE
4083,TRUE
4084,FALSE
4085,FALSE
4086,TRUE
4087,FALSE
4088,FALSE
4089,FALSE
4090,TRUE
4091,FALSE
4092,TRUE
4093,FALSE
4094,FALSE
4095,TRUE
4096,FALSE
4097,TRUE
4098,TRUE
4099,TRUE
4100,TRUE
4101,TRUE
4102,FALSE
4103,FALSE
4104,TRUE
4105,TRUE
4106,FALSE
4107,FALSE
4108,FALSE
4109,FALSE
4110,FALSE
4111,TRUE
4112,FALSE
4113,TRUE
4114,TRUE
4115,FALSE
4116,TRUE
4117,TRUE
4118,FALSE
4119,FALSE
4120,FALSE
4121,TRUE
4122,FALSE
4123,TRUE
4124,TRUE
4125,FALSE
4126,TRUE
4127,TRUE
4128,FALSE
4129,TRUE
4130,TRUE
4131,TRUE
4132,TRUE
4133,FALSE
4134,FALSE
4135,FALSE
4136,FALSE
4137,FALSE
4138,TRUE
4139,FALSE
4140,TRUE
4141,TRUE
4142,TRUE
4143,FALSE
4144,FALSE
4145,TRUE
4146,FALSE
4147,FALSE
4148,TRUE
4149,FALSE
4150,TRUE
4151,TRUE
4152,TRUE
4153,FALSE
4154,FALSE
4155,TRUE
4156,TRUE
4157,FALSE
4158,TRUE
4159,TRUE
4160,TRUE
4161,TRUE
4162,TRUE
4163,FALSE
4164,FALSE
4165,FALSE
4166,TRUE
4167,TRUE
4168,FALSE
4169,TRUE
4170,TRUE
4171,FALSE
4172,FALSE
4173,TRUE
4174,TRUE
4175,TRUE
4176,FALSE
4177,FALSE
4178,TRUE
4179,FALSE
4180,FALSE
4181,TRUE
4182,TRUE
4183,TRUE
4184,TRUE
4185,FALSE
4186,TRUE
4187,FALSE
4188,FALSE
4189,TRUE
4190,TRUE
4191,FALSE
4192,TRUE
4193,FALSE
4194,FALSE
4195,FALSE
4196,TRUE
4197,FALSE
4198,FALSE
4199,TRUE
4200,TRUE
4201,TRUE
4202,FALSE
4203,FALSE
4204,TRUE
4205,FALSE
4206,TRUE
4207,TRUE
4208,TRUE
4209,TRUE
4210,FALSE
4211,TRUE
4212,TRUE
4213,TRUE
4214,TRUE
4215,FALSE
4216,FALSE
4217,TRUE
4218,FALSE
4219,FALSE
4220,TRUE
4221,FALSE
4222,FALSE
4223,FALSE
4224,FALSE
4225,FALSE
4226,TRUE
4227,TRUE
4228,FALSE
4229,FALSE
4230,TRUE
4231,TRUE
4232,FALSE
4233,FALSE
4234,TRUE
4235,FALSE
4236,TRUE
4237,TRUE
4238,FALSE
4239,TRUE
4240,FALSE
4241,TRUE
4242,FALSE
4243,TRUE
4244,TRUE
4245,FALSE
4246,FALSE
4247,FALSE
4248,FALSE
4249,TRUE
4250,FALSE
4251,FALSE
4252,TRUE
4253,TRUE
4254,FALSE
4255,TRUE
4256,FALSE
4257,TRUE
4258,TRUE
4259,FALSE
4260,TRUE
4261,TRUE
4262,FALSE
4263,FALSE
4264,FALSE
4265,FALSE
4266,FALSE
4267,TRUE
4268,FALSE
4269,FALSE
4270,TRUE
4271,TRUE
4272,TRUE
4273,FALSE
4274,TRUE
4275,TRUE
4276,TRUE
4277,TRUE
4278,FALSE
4279,TRUE
4280,FALSE
4281,TRUE
4282,FALSE
4283,TRUE
4284,FALSE
4285,TRUE
4286,FALSE
4287,TRUE
4288,FALSE
4289,TRUE
4290,FALSE
4291,TRUE
4292,TRUE
4293,TRUE
4294,TRUE
4295,TRUE
4296,TRUE
4297,FALSE
4298,TRUE
4299,TRUE
4300,FALSE
4301,TRUE
4302,TRUE
4303,TRUE
4304,FALSE
4305,FALSE
4306,TRUE
4307,TRUE
4308,TRUE
4309,FALSE
4310,FALSE
4311,TRUE
4312,FALSE
4313,TRUE
4314,TRUE
4315,TRUE
4316,TRUE
4317,FALSE
4318,FALSE
4319,FALSE
4320,TRUE
4321,FALSE
4322,FALSE
4323,FALSE
4324,TRUE
4325,TRUE
4326,TRUE
4327,TRUE
4328,FALSE
4329,FALSE
4330,TRUE
4331,TRUE
4332,FALSE
4333,FALSE
4334,TRUE
4335,TRUE
4336,TRUE
4337,TRUE
4338,TRUE
4339,TRUE
4340,FALSE
4341,FALSE
4342,TRUE
4343,TRUE
4344,FALSE
4345,TRUE
4346,FALSE
4347,FALSE
4348,FALSE
4349,TRUE
4350,FALSE
4351,FALSE
4352,FALSE
4353,TRUE
4354,FALSE
4355,FALSE
4356,TRUE
4357,TRUE
4358,TRUE
4359,TRUE
4360,FALSE
4361,TRUE
4362,FALSE
4363,TRUE
4364,FALSE
4365,TRUE
4366,FALSE
4367,TRUE
4368,FALSE
4369,FALSE
4370,TRUE
4371,TRUE
4372,TRUE
4373,FALSE
4374,FALSE
4375,FALSE
4376,TRUE
4377,TRUE
4378,TRUE
4379,FALSE
4380,TRUE
4381,TRUE
4382,FALSE
4383,TRUE
4384,FALSE
4385,FALSE
4386,FALSE
4387,TRUE
4388,FALSE
4389,TRUE
4390,TRUE
4391,FALSE
4392,TRUE
4393,FALSE
4394,FALSE
4395,TRUE
4396,FALSE
4397,TRUE
4398,FALSE
4399,TRUE
4400,FALSE
4401,TRUE
4402,FALSE
4403,TRUE
4404,FALSE
4405,FALSE
4406,TRUE
4407,TRUE
4408,TRUE
4409,FALSE
4410,FALSE
4411,TRUE
4412,TRUE
4413,FALSE
4414,FALSE
4415,TRUE
4416,TRUE
4417,TRUE
4418,TRUE
4419,TRUE
4420,FALSE
4421,FALSE
4422,FALSE
4423,TRUE
4424,FALSE
4425,TRUE
4426,TRUE
4427,TRUE
4428,FALSE
4429,TRUE
4430,FALSE
4431,TRUE
4432,FALSE
4433,TRUE
4434,FALSE
4435,FALSE
4436,FALSE
4437,FALSE
4438,TRUE
4439,FALSE
4440,TRUE
4441,FALSE
4442,FALSE
4443,TRUE
4444,TRUE
4445,FALSE
4446,FALSE
4447,FALSE
4448,TRUE
4449,FALSE
4450,FALSE
4451,TRUE
4452,FALSE
4453,FALSE
4454,TRUE
4455,FALSE
4456,FALSE
4457,FALSE
4458,TRUE
4459,TRUE
4460,TRUE
4461,TRUE
4462,FALSE
4463,FALSE
4464,TRUE
4465,FALSE
4466,FALSE
4467,TRUE
4468,FALSE
4469,TRUE
4470,FALSE
4471,FALSE
4472,FALSE
4473,TRUE
4474,TRUE
4475,FALSE
4476,TRUE
4477,FALSE
4478,FALSE
4479,TRUE
4480,FALSE
4481,TRUE
4482,FALSE
4483,TRUE
4484,FALSE
4485,TRUE
4486,TRUE
4487,FALSE
4488,TRUE
4489,TRUE
4490,FALSE
4491,TRUE
4492,FALSE
4493,FALSE
4494,TRUE
4495,FALSE
4496,TRUE
4497,TRUE
4498,FALSE
4499,FALSE
4500,TRUE
4501,FALSE
4502,FALSE
4503,FALSE
4504,FALSE
4505,FALSE
4506,TRUE
4507,TRUE
4508,TRUE
4509,FALSE
4510,FALSE
4511,FALSE
4512,TRUE
4513,FALSE
4514,TRUE
4515,FALSE
4516,FALSE
4517,FALSE
4518,TRUE
4519,TRUE
4520,FALSE
4521,FALSE
4522,FALSE
4523,TRUE
4524,FALSE
4525,FALSE
4526,FALSE
4527,FALSE
4528,FALSE
4529,TRUE
4530,FALSE
4531,FALSE
4532,TRUE
4533,TRUE
4534,TRUE
4535,TRUE
4536,FALSE
4537,FALSE
4538,FALSE
4539,TRUE
4540,FALSE
4541,TRUE
4542,TRUE
4543,FALSE
4544,FALSE
4545,FALSE
4546,TRUE
4547,TRUE
4548,FALSE
4549,FALSE
4550,TRUE
4551,TRUE
4552,TRUE
4553,FALSE
4554,TRUE
4555,TRUE
4556,TRUE
4557,TRUE
4558,TRUE
4559,FALSE
4560,FALSE
4561,FALSE
4562,FALSE
4563,FALSE
4564,TRUE
4565,FALSE
4566,TRUE
4567,TRUE
4568,FALSE
4569,TRUE
4570,TRUE
4571,TRUE
4572,TRUE
4573,FALSE
4574,FALSE
4575,FALSE
4576,FALSE
4577,TRUE
4578,FALSE
4579,FALSE
4580,TRUE
4581,FALSE
4582,FALSE
4583,FALSE
4584,TRUE
4585,FALSE
4586,TRUE
4587,TRUE
4588,FALSE
4589,TRUE
4590,TRUE
4591,FALSE
4592,TRUE
4593,FALSE
4594,FALSE
4595,FALSE
4596,TRUE
4597,TRUE
4598,TRUE
4599,FALSE
4600,FALSE
4601,TRUE
4602,FALSE
4603,TRUE
4604,TRUE
4605,FALSE
4606,TRUE
4607,FALSE
4608,FALSE
4609,TRUE
4610,TRUE
4611,TRUE
4612,TRUE
4613,TRUE
4614,TRUE
4615,TRUE
4616,TRUE
4617,TRUE
4618,FALSE
4619,FALSE
4620,FALSE
4621,TRUE
4622,FALSE
4623,FALSE
4624,FALSE
4625,TRUE
4626,TRUE
4627,FALSE
4628,TRUE
4629,FALSE
4630,TRUE
4631,FALSE
4632,TRUE
4633,FALSE
4634,FALSE
4635,TRUE
4636,FALSE
4637,FALSE
4638,TRUE
4639,FALSE
4640,FALSE
4641,FALSE
4642,FALSE
4643,FALSE
4644,FALSE
4645,FALSE
4646,FALSE
4647,TRUE
4648,FALSE
4649,TRUE
4650,FALSE
4651,FALSE
4652,FALSE
4653,FALSE
4654,FALSE
4655,TRUE
4656,FALSE
4657,TRUE
4658,TRUE
4659,FALSE
4660,TRUE
4661,FALSE
4662,TRUE
4663,FALSE
4664,TRUE
4665,TRUE
4666,TRUE
4667,FALSE
4668,TRUE
4669,FALSE
4670,FALSE
4671,FALSE
4672,FALSE
4673,FALSE
4674,TRUE
4675,FALSE
4676,TRUE
4677,FALSE
4678,FALSE
4679,FALSE
4680,FALSE
4681,FALSE
4682,TRUE
4683,FALSE
4684,TRUE
4685,FALSE
4686,FALSE
4687,FALSE
4688,TRUE
4689,TRUE
4690,FALSE
4691,TRUE
4692,TRUE
4693,TRUE
4694,TRUE
4695,FALSE
4696,TRUE
4697,TRUE
4698,TRUE
4699,FALSE
4700,TRUE
4701,TRUE
4702,TRUE
4703,TRUE
4704,FALSE
4705,TRUE
4706,FALSE
4707,FALSE
4708,TRUE
4709,FALSE
4710,FALSE
4711,FALSE
4712,TRUE
4713,TRUE
4714,FALSE
4715,TRUE
4716,TRUE
4717,FALSE
4718,FALSE
4719,TRUE
4720,FALSE
4721,FALSE
4722,TRUE
4723,FALSE
4724,FALSE
4725,TRUE
4726,FALSE
4727,FALSE
4728,FALSE
4729,FALSE
4730,TRUE
4731,TRUE
4732,FALSE
4733,TRUE
4734,TRUE
4735,TRUE
4736,FALSE
4737,TRUE
4738,TRUE
4739,TRUE
4740,FALSE
4741,FALSE
4742,FALSE
4743,FALSE
4744,FALSE
4745,FALSE
4746,TRUE
4747,TRUE
4748,TRUE
4749,TRUE
4750,TRUE
4751,FALSE
4752,TRUE
4753,FALSE
4754,FALSE
4755,TRUE
4756,TRUE
4757,FALSE
4758,FALSE
4759,TRUE
4760,FALSE
4761,FALSE
4762,TRUE
4763,TRUE
4764,FALSE
4765,FALSE
4766,TRUE
4767,FALSE
4768,TRUE
4769,TRUE
4770,FALSE
4771,TRUE
4772,TRUE
4773,FALSE
4774,TRUE
4775,TRUE
4776,FALSE
4777,FALSE
4778,FALSE
4779,FALSE
4780,TRUE
4781,FALSE
4782,TRUE
4783,TRUE
4784,FALSE
4785,FALSE
4786,FALSE
4787,TRUE
4788,FALSE
4789,TRUE
4790,FALSE
4791,TRUE
4792,TRUE
4793,TRUE
4794,FALSE
4795,TRUE
4796,FALSE
4797,FALSE
4798,TRUE
4799,FALSE
4800,TRUE
4801,FALSE
4802,FALSE
4803,FALSE
4804,TRUE
4805,TRUE
4806,FALSE
4807,FALSE
4808,TRUE
4809,FALSE
4810,TRUE
4811,FALSE
4812,TRUE
4813,FALSE
4814,TRUE
4815,TRUE
4816,TRUE
4817,TRUE
4818,TRUE
4819,TRUE
4820,FALSE
4821,TRUE
4822,TRUE
4823,FALSE
4824,TRUE
4825,TRUE
4826,TRUE
4827,TRUE
4828,FALSE
4829,FALSE
4830,TRUE
4831,TRUE
4832,FALSE
4833,FALSE
4834,TRUE
4835,FALSE
4836,FALSE
4837,FALSE
4838,TRUE
4839,FALSE
4840,TRUE
4841,FALSE
4842,FALSE
4843,FALSE
4844,FALSE
4845,TRUE
4846,FALSE
4847,TRUE
4848,FALSE
4849,TRUE
4850,TRUE
4851,TRUE
4852,TRUE
4853,TRUE
4854,TRUE
4855,TRUE
4856,FALSE
4857,FALSE
4858,FALSE
4859,TRUE
4860,FALSE
4861,FALSE
4862,FALSE
4863,TRUE
4864,FALSE
4865,TRUE
4866,FALSE
4867,FALSE
4868,TRUE
4869,FALSE
4870,FALSE
4871,TRUE
4872,FALSE
4873,FALSE
4874,TRUE
4875,FALSE
4876,FALSE
4877,FALSE
4878,FALSE
4879,TRUE
4880,FALSE
4881,FALSE
4882,TRUE
4883,FALSE
4884,FALSE
4885,FALSE
4886,FALSE
4887,FALSE
4888,FALSE
4889,TRUE
4890,TRUE
4891,FALSE
4892,FALSE
4893,TRUE
4894,TRUE
4895,TRUE
4896,TRUE
4897,TRUE
4898,TRUE
4899,FALSE
4900,FALSE
4901,TRUE
4902,FALSE
4903,FALSE
4904,FALSE
4905,FALSE
4906,FALSE
4907,TRUE
4908,FALSE
4909,TRUE
4910,FALSE
4911,FALSE
4912,FALSE
4913,FALSE
4914,TRUE
4915,TRUE
4916,FALSE
4917,TRUE
4918,FALSE
4919,FALSE
4920,TRUE
4921,FALSE
4922,FALSE
4923,TRUE
4924,TRUE
4925,TRUE
4926,TRUE
4927,FALSE
4928,TRUE
4929,TRUE
4930,FALSE
4931,FALSE
4932,TRUE
4933,TRUE
4934,TRUE
4935,FALSE
4936,TRUE
4937,TRUE
4938,TRUE
4939,TRUE
4940,TRUE
4941,FALSE
4942,TRUE
4943,TRUE
4944,TRUE
4945,FALSE
4946,TRUE
4947,FALSE
4948,TRUE
4949,TRUE
4950,FALSE
4951,FALSE
4952,FALSE
4953,FALSE
4954,FALSE
4955,FALSE
4956,TRUE
4957,FALSE
4958,FALSE
4959,TRUE
4960,FALSE
4961,TRUE
4962,TRUE
4963,TRUE
4964,TRUE
4965,TRUE
4966,TRUE
4967,FALSE
4968,FALSE
4969,TRUE
4970,TRUE
4971,TRUE
4972,TRUE
4973,FALSE
4974,FALSE
4975,TRUE
4976,TRUE
4977,TRUE
4978,TRUE
4979,TRUE
4980,FALSE
4981,TRUE
4982,TRUE
4983,TRUE
4984,TRUE
4985,TRUE
4986,TRUE
4987,TRUE
4988,TRUE
4989,TRUE
4990,TRUE
4991,TRUE
4992,TRUE
4993,FALSE
4994,TRUE
4995,FALSE
4996,FALSE
4997,FALSE
4998,FALSE
4999,TRUE
5000,FALSE
5001,FALSE
5002,TRUE
5003,FALSE
5004,TRUE
5005,FALSE
5006,FALSE
5007,TRUE
5008,FALSE
5009,FALSE
5010,TRUE
5011,FALSE
5012,FALSE
5013,TRUE
5014,TRUE
5015,FALSE
5016,FALSE
5017,TRUE
5018,TRUE
5019,TRUE
5020,FALSE
5021,TRUE
5022,TRUE
5023,TRUE
5024,FALSE
5025,TRUE
5026,FALSE
5027,FALSE
5028,FALSE
5029,TRUE
5030,TRUE
5031,FALSE
5032,FALSE
5033,FALSE
5034,FALSE
5035,FALSE
5036,TRUE
5037,TRUE
5038,FALSE
5039,FALSE
5040,FALSE
5041,TRUE
5042,TRUE
5043,FALSE
5044,FALSE
5045,TRUE
5046,TRUE
5047,TRUE
5048,TRUE
5049,FALSE
5050,FALSE
5051,FALSE
5052,FALSE
5053,TRUE
5054,TRUE
5055,TRUE
5056,FALSE
5057,FALSE
5058,FALSE
5059,TRUE
5060,FALSE
5061,FALSE
5062,TRUE
5063,TRUE
5064,FALSE
5065,TRUE
5066,TRUE
5067,TRUE
5068,TRUE
5069,TRUE
5070,TRUE
5071,FALSE
5072,TRUE
5073,TRUE
5074,FALSE
5075,FALSE
5076,FALSE
5077,FALSE
5078,FALSE
5079,FALSE
5080,FALSE
5081,TRUE
5082,TRUE
5083,TRUE
5084,FALSE
5085,FALSE
5086,TRUE
5087,TRUE
5088,TRUE
5089,FALSE
5090,FALSE
5091,FALSE
5092,TRUE
5093,FALSE
5094,TRUE
5095,TRUE
5096,TRUE
5097,TRUE
5098,FALSE
5099,TRUE
5100,FALSE
5101,TRUE
5102,TRUE
5103,FALSE
5104,TRUE
5105,FALSE
5106,FALSE
5107,FALSE
5108,FALSE
5109,FALSE
5110,FALSE
5111,TRUE
5112,FALSE
5113,FALSE
5114,FALSE
5115,FALSE
5116,TRUE
5117,TRUE
5118,FALSE
5119,TRUE
5120,FALSE
5121,TRUE
5122,TRUE
5123,TRUE
5124,TRUE
5125,TRUE
5126,TRUE
5127,TRUE
5128,FALSE
5129,TRUE
5130,FALSE
5131,FALSE
5132,FALSE
5133,TRUE
5134,TRUE
5135,TRUE
5136,TRUE
5137,FALSE
5138,FALSE
5139,TRUE
5140,TRUE
5141,FALSE
5142,TRUE
5143,FALSE
5144,FALSE
5145,FALSE
5146,TRUE
5147,FALSE
5148,TRUE
5149,FALSE
5150,FALSE
5151,FALSE
5152,FALSE
5153,FALSE
5154,FALSE
5155,TRUE
5156,FALSE
5157,FALSE
5158,TRUE
5159,TRUE
5160,FALSE
5161,TRUE
5162,TRUE
5163,TRUE
5164,TRUE
5165,TRUE
5166,TRUE
5167,FALSE
5168,TRUE
5169,TRUE
5170,TRUE
5171,TRUE
5172,FALSE
5173,FALSE
5174,FALSE
5175,TRUE
5176,TRUE
5177,FALSE
5178,FALSE
5179,TRUE
5180,TRUE
5181,TRUE
5182,TRUE
5183,TRUE
5184,TRUE
5185,FALSE
5186,FALSE
5187,TRUE
5188,TRUE
5189,FALSE
5190,TRUE
5191,FALSE
5192,TRUE
5193,TRUE
5194,TRUE
5195,TRUE
5196,FALSE
5197,FALSE
5198,FALSE
5199,TRUE
5200,FALSE
5201,FALSE
5202,TRUE
5203,TRUE
5204,FALSE
5205,FALSE
5206,FALSE
5207,TRUE
5208,TRUE
5209,FALSE
5210,TRUE
5211,TRUE
5212,TRUE
5213,FALSE
5214,TRUE
5215,TRUE
5216,TRUE
5217,FALSE
5218,FALSE
5219,FALSE
5220,FALSE
5221,TRUE
5222,TRUE
5223,FALSE
5224,FALSE
5225,TRUE
5226,FALSE
5227,FALSE
5228,TRUE
5229,TRUE
5230,FALSE
5231,TRUE
5232,TRUE
5233,TRUE
5234,TRUE
5235,FALSE
5236,FALSE
5237,FALSE
5238,FALSE
5239,TRUE
5240,FALSE
5241,TRUE
5242,TRUE
5243,FALSE
5244,FALSE
5245,FALSE
5246,FALSE
5247,FALSE
5248,TRUE
5249,FALSE
5250,FALSE
5251,TRUE
5252,TRUE
5253,FALSE
5254,FALSE
5255,TRUE
5256,TRUE
5257,TRUE
5258,TRUE
5259,FALSE
5260,FALSE
5261,FALSE
5262,TRUE
5263,TRUE
5264,TRUE
5265,TRUE
5266,FALSE
5267,FALSE
5268,FALSE
5269,TRUE
5270,TRUE
5271,FALSE
5272,TRUE
5273,TRUE
5274,TRUE
5275,TRUE
5276,FALSE
5277,TRUE
5278,TRUE
5279,FALSE
5280,TRUE
5281,TRUE
5282,FALSE
5283,TRUE
5284,FALSE
5285,TRUE
5286,FALSE
5287,FALSE
5288,FALSE
5289,TRUE
5290,FALSE
5291,TRUE
5292,FALSE
5293,TRUE
5294,TRUE
5295,TRUE
5296,FALSE
5297,TRUE
5298,TRUE
5299,FALSE
5300,TRUE
5301,FALSE
5302,TRUE
5303,TRUE
5304,TRUE
5305,FALSE
5306,FALSE
5307,FALSE
5308,FALSE
5309,TRUE
5310,FALSE
5311,TRUE
5312,TRUE
5313,FALSE
5314,FALSE
5315,FALSE
5316,TRUE
5317,TRUE
5318,TRUE
5319,FALSE
5320,FALSE
5321,TRUE
5322,TRUE
5323,FALSE
5324,TRUE
5325,FALSE
5326,FALSE
5327,FALSE
5328,FALSE
5329,TRUE
5330,TRUE
5331,TRUE
5332,FALSE
5333,TRUE
5334,TRUE
5335,TRUE
5336,FALSE
5337,TRUE
5338,FALSE
5339,TRUE
5340,TRUE
5341,TRUE
5342,TRUE
5343,TRUE
5344,TRUE
5345,FALSE
5346,FALSE
5347,TRUE
5348,FALSE
5349,FALSE
5350,FALSE
5351,FALSE
5352,FALSE
5353,TRUE
5354,FALSE
5355,TRUE
5356,TRUE
5357,FALSE
5358,TRUE
5359,FALSE
5360,FALSE
5361,TRUE
5362,TRUE
5363,FALSE
5364,FALSE
5365,FALSE
5366,FALSE
5367,TRUE
5368,TRUE
5369,FALSE
5370,TRUE
5371,FALSE
5372,TRUE
5373,TRUE
5374,FALSE
5375,TRUE
5376,FALSE
5377,TRUE
5378,TRUE
5379,FALSE
5380,TRUE
5381,TRUE
5382,FALSE
5383,FALSE
5384,TRUE
5385,TRUE
5386,TRUE
5387,TRUE
5388,FALSE
5389,TRUE
5390,TRUE
5391,TRUE
5392,TRUE
5393,TRUE
5394,FALSE
5395,TRUE
5396,TRUE
5397,FALSE
5398,TRUE
5399,TRUE
5400,TRUE
5401,FALSE
5402,FALSE
5403,TRUE
5404,TRUE
5405,TRUE
5406,TRUE
5407,TRUE
5408,TRUE
5409,TRUE
5410,FALSE
5411,FALSE
5412,FALSE
5413,FALSE
5414,TRUE
5415,TRUE
5416,TRUE
5417,FALSE
5418,FALSE
5419,TRUE
5420,FALSE
5421,TRUE
5422,TRUE
5423,FALSE
5424,FALSE
5425,TRUE
5426,FALSE
5427,TRUE
5428,FALSE
5429,TRUE
5430,FALSE
5431,FALSE
5432,FALSE
5433,FALSE
5434,FALSE
5435,TRUE
5436,TRUE
5437,FALSE
5438,FALSE
5439,TRUE
5440,TRUE
5441,FALSE
5442,TRUE
5443,TRUE
5444,TRUE
5445,TRUE
5446,FALSE
5447,FALSE
5448,TRUE
5449,TRUE
5450,TRUE
5451,TRUE
5452,TRUE
5453,TRUE
5454,TRUE
5455,TRUE
5456,FALSE
5457,TRUE
5458,TRUE
5459,FALSE
5460,TRUE
5461,FALSE
5462,FALSE
5463,FALSE
5464,TRUE
5465,TRUE
5466,FALSE
5467,TRUE
5468,TRUE
5469,FALSE
5470,TRUE
5471,FALSE
5472,FALSE
5473,TRUE
5474,FALSE
5475,FALSE
5476,FALSE
5477,FALSE
5478,FALSE
5479,FALSE
5480,TRUE
5481,TRUE
5482,TRUE
5483,TRUE
5484,FALSE
5485,FALSE
5486,FALSE
5487,FALSE
5488,FALSE
5489,TRUE
5490,FALSE
5491,TRUE
5492,FALSE
5493,TRUE
5494,TRUE
5495,TRUE
5496,TRUE
5497,TRUE
5498,FALSE
5499,FALSE
5500,FALSE
5501,FALSE
5502,FALSE
5503,TRUE
5504,TRUE
5505,TRUE
5506,TRUE
5507,TRUE
5508,TRUE
5509,TRUE
5510,TRUE
5511,TRUE
5512,FALSE
5513,TRUE
5514,FALSE
5515,FALSE
5516,TRUE
5517,FALSE
5518,TRUE
5519,TRUE
5520,FALSE
5521,TRUE
5522,FALSE
5523,FALSE
5524,TRUE
5525,FALSE
5526,TRUE
5527,FALSE
5528,FALSE
5529,FALSE
5530,FALSE
5531,TRUE
5532,FALSE
5533,FALSE
5534,FALSE
5535,TRUE
5536,FALSE
5537,TRUE
5538,FALSE
5539,TRUE
5540,TRUE
5541,TRUE
5542,TRUE
5543,FALSE
5544,FALSE
5545,TRUE
5546,FALSE
5547,TRUE
5548,FALSE
5549,FALSE
5550,FALSE
5551,TRUE
5552,TRUE
5553,TRUE
5554,FALSE
5555,TRUE
5556,FALSE
5557,FALSE
5558,TRUE
5559,FALSE
5560,FALSE
5561,TRUE
5562,FALSE
5563,FALSE
5564,TRUE
5565,FALSE
5566,TRUE
5567,TRUE
5568,FALSE
5569,TRUE
5570,TRUE
5571,FALSE
5572,TRUE
5573,TRUE
5574,TRUE
5575,TRUE
5576,FALSE
5577,FALSE
5578,FALSE
5579,TRUE
5580,FALSE
5581,TRUE
5582,FALSE
5583,FALSE
5584,FALSE
5585,TRUE
5586,TRUE
5587,TRUE
5588,FALSE
5589,FALSE
5590,TRUE
5591,FALSE
5592,TRUE
5593,FALSE
5594,TRUE
5595,TRUE
5596,FALSE
5597,TRUE
5598,FALSE
5599,FALSE
5600,TRUE
5601,TRUE
5602,TRUE
5603,FALSE
5604,TRUE
5605,FALSE
5606,FALSE
5607,FALSE
5608,FALSE
5609,FALSE
5610,TRUE
5611,FALSE
5612,FALSE
5613,FALSE
5614,TRUE
5615,TRUE
5616,FALSE
5617,FALSE
5618,TRUE
5619,TRUE
5620,FALSE
5621,FALSE
5622,TRUE
5623,FALSE
5624,TRUE
5625,TRUE
5626,FALSE
5627,FALSE
5628,TRUE
5629,FALSE
5630,FALSE
5631,TRUE
5632,FALSE
5633,FALSE
5634,TRUE
5635,FALSE
5636,TRUE
5637,TRUE
5638,TRUE
5639,TRUE
5640,FALSE
5641,FALSE
5642,FALSE
5643,TRUE
5644,FALSE
5645,TRUE
5646,TRUE
5647,FALSE
5648,FALSE
5649,TRUE
5650,TRUE
5651,TRUE
5652,FALSE
5653,FALSE
5654,FALSE
5655,FALSE
5656,FALSE
5657,FALSE
5658,FALSE
5659,FALSE
5660,TRUE
5661,TRUE
5662,TRUE
5663,FALSE
5664,FALSE
5665,FALSE
5666,FALSE
5667,TRUE
5668,TRUE
5669,TRUE
5670,TRUE
5671,FALSE
5672,TRUE
5673,FALSE
5674,FALSE
5675,TRUE
5676,TRUE
5677,FALSE
5678,TRUE
5679,TRUE
5680,FALSE
5681,TRUE
5682,TRUE
5683,FALSE
5684,FALSE
5685,TRUE
5686,TRUE
5687,TRUE
5688,TRUE
5689,TRUE
5690,FALSE
5691,TRUE
5692,FALSE
5693,TRUE
5694,TRUE
5695,TRUE
5696,TRUE
5697,TRUE
5698,FALSE
5699,TRUE
5700,FALSE
5701,TRUE
5702,FALSE
5703,TRUE
5704,FALSE
5705,TRUE
5706,TRUE
5707,TRUE
5708,FALSE
5709,FALSE
5710,TRUE
5711,TRUE
5712,FALSE
5713,FALSE
5714,TRUE
5715,TRUE
5716,TRUE
5717,FALSE
5718,TRUE
5719,FALSE
5720,TRUE
5721,FALSE
5722,FALSE
5723,TRUE
5724,FALSE
5725,FALSE
5726,FALSE
5727,TRUE
5728,TRUE
5729,TRUE
5730,TRUE
5731,TRUE
5732,TRUE
5733,TRUE
5734,TRUE
5735,FALSE
5736,TRUE
5737,TRUE
5738,FALSE
5739,FALSE
5740,FALSE
5741,FALSE
5742,FALSE
5743,TRUE
5744,FALSE
5745,FALSE
5746,FALSE
5747,TRUE
5748,FALSE
5749,TRUE
5750,TRUE
5751,FALSE
5752,TRUE
5753,TRUE
5754,TRUE
5755,FALSE
5756,FALSE
5757,TRUE
5758,FALSE
5759,FALSE
5760,FALSE
5761,TRUE
5762,TRUE
5763,TRUE
5764,FALSE
5765,TRUE
5766,TRUE
5767,FALSE
5768,TRUE
5769,TRUE
5770,FALSE
5771,FALSE
5772,TRUE
5773,TRUE
5774,TRUE
5775,FALSE
5776,FALSE
5777,FALSE
5778,FALSE
5779,TRUE
5780,TRUE
5781,TRUE
5782,FALSE
5783,TRUE
5784,TRUE
5785,FALSE
5786,TRUE
5787,FALSE
5788,FALSE
5789,FALSE
5790,TRUE
5791,FALSE
5792,FALSE
5793,TRUE
5794,FALSE
5795,FALSE
5796,TRUE
5797,TRUE
5798,FALSE
5799,TRUE
5800,FALSE
5801,TRUE
5802,TRUE
5803,TRUE
5804,FALSE
5805,FALSE
5806,TRUE
5807,TRUE
5808,FALSE
5809,FALSE
5810,FALSE
5811,TRUE
5812,FALSE
5813,TRUE
5814,FALSE
5815,TRUE
5816,FALSE
5817,FALSE
5818,FALSE
5819,FALSE
5820,FALSE
5821,TRUE
5822,FALSE
5823,FALSE
5824,TRUE
5825,FALSE
5826,TRUE
5827,TRUE
5828,FALSE
5829,TRUE
5830,FALSE
5831,TRUE
5832,FALSE
5833,FALSE
5834,FALSE
5835,TRUE
5836,FALSE
5837,TRUE
5838,FALSE
5839,TRUE
5840,FALSE
5841,TRUE
5842,TRUE
5843,TRUE
5844,FALSE
5845,FALSE
5846,FALSE
5847,TRUE
5848,FALSE
5849,TRUE
5850,FALSE
5851,TRUE
5852,FALSE
5853,TRUE
5854,TRUE
5855,TRUE
5856,TRUE
5857,TRUE
5858,FALSE
5859,FALSE
5860,TRUE
5861,FALSE
5862,TRUE
5863,TRUE
5864,FALSE
5865,FALSE
5866,TRUE
5867,TRUE
5868,TRUE
5869,FALSE
5870,FALSE
5871,TRUE
5872,FALSE
5873,FALSE
5874,TRUE
5875,TRUE
5876,TRUE
5877,TRUE
5878,TRUE
5879,TRUE
5880,TRUE
5881,TRUE
5882,TRUE
5883,TRUE
5884,FALSE
5885,FALSE
5886,FALSE
5887,FALSE
5888,FALSE
5889,FALSE
5890,FALSE
5891,FALSE
5892,FALSE
5893,TRUE
5894,TRUE
5895,TRUE
5896,TRUE
5897,TRUE
5898,FALSE
5899,FALSE
5900,FALSE
5901,TRUE
5902,TRUE
5903,FALSE
5904,TRUE
5905,TRUE
5906,TRUE
5907,TRUE
5908,TRUE
5909,FALSE
5910,TRUE
5911,TRUE
5912,FALSE
5913,TRUE
5914,TRUE
5915,FALSE
5916,TRUE
5917,TRUE
5918,TRUE
5919,TRUE
5920,FALSE
5921,TRUE
5922,FALSE
5923,TRUE
5924,TRUE
5925,TRUE
5926,TRUE
5927,TRUE
5928,FALSE
5929,TRUE
5930,FALSE
5931,TRUE
5932,FALSE
5933,FALSE
5934,FALSE
5935,TRUE
5936,TRUE
5937,FALSE
5938,FALSE
5939,FALSE
5940,FALSE
5941,FALSE
5942,FALSE
5943,TRUE
5944,FALSE
5945,FALSE
5946,TRUE
5947,TRUE
5948,TRUE
5949,TRUE
5950,TRUE
5951,TRUE
5952,FALSE
5953,TRUE
5954,TRUE
5955,FALSE
5956,TRUE
5957,TRUE
5958,TRUE
5959,TRUE
5960,TRUE
5961,TRUE
5962,TRUE
5963,FALSE
5964,FALSE
5965,FALSE
5966,TRUE
5967,TRUE
5968,TRUE
5969,TRUE
5970,TRUE
5971,TRUE
5972,TRUE
5973,TRUE
5974,TRUE
5975,TRUE
5976,FALSE
5977,TRUE
5978,TRUE
5979,FALSE
5980,TRUE
5981,TRUE
5982,TRUE
5983,FALSE
5984,TRUE
5985,TRUE
5986,FALSE
5987,FALSE
5988,FALSE
5989,TRUE
5990,FALSE
5991,TRUE
5992,TRUE
5993,FALSE
5994,TRUE
5995,FALSE
5996,TRUE
5997,TRUE
5998,FALSE
5999,TRUE
6000,TRUE
6001,TRUE
6002,FALSE
6003,FALSE
6004,TRUE
6005,TRUE
6006,FALSE
6007,FALSE
6008,TRUE
6009,TRUE
6010,FALSE
6011,FALSE
6012,TRUE
6013,FALSE
6014,FALSE
6015,TRUE
6016,FALSE
6017,TRUE
6018,FALSE
6019,FALSE
6020,FALSE
6021,FALSE
6022,FALSE
6023,FALSE
6024,FALSE
6025,TRUE
6026,TRUE
6027,TRUE
6028,TRUE
6029,TRUE
6030,TRUE
6031,TRUE
6032,TRUE
6033,TRUE
6034,TRUE
6035,FALSE
6036,FALSE
6037,TRUE
6038,FALSE
6039,TRUE
6040,TRUE
6041,FALSE
6042,FALSE
6043,TRUE
6044,TRUE
6045,FALSE
6046,TRUE
6047,FALSE
6048,FALSE
6049,FALSE
6050,FALSE
6051,TRUE
6052,FALSE
6053,FALSE
6054,FALSE
6055,FALSE
6056,TRUE
6057,TRUE
6058,FALSE
6059,FALSE
6060,FALSE
6061,TRUE
6062,TRUE
6063,TRUE
6064,FALSE
6065,TRUE
6066,TRUE
6067,FALSE
6068,FALSE
6069,TRUE
6070,FALSE
6071,TRUE
6072,FALSE
6073,TRUE
6074,FALSE
6075,FALSE
6076,TRUE
6077,FALSE
6078,FALSE
6079,TRUE
6080,TRUE
6081,FALSE
6082,FALSE
6083,FALSE
6084,TRUE
6085,FALSE
6086,TRUE
6087,TRUE
6088,TRUE
6089,FALSE
6090,TRUE
6091,TRUE
6092,TRUE
6093,TRUE
6094,FALSE
6095,FALSE
6096,FALSE
6097,TRUE
6098,FALSE
6099,TRUE
6100,TRUE
6101,FALSE
6102,FALSE
6103,FALSE
6104,FALSE
6105,FALSE
6106,TRUE
6107,TRUE
6108,FALSE
6109,FALSE
6110,FALSE
6111,TRUE
6112,FALSE
6113,TRUE
6114,TRUE
6115,TRUE
6116,TRUE
6117,FALSE
6118,FALSE
6119,FALSE
6120,TRUE
6121,TRUE
6122,TRUE
6123,FALSE
6124,TRUE
6125,FALSE
6126,FALSE
6127,FALSE
6128,TRUE
6129,TRUE
6130,FALSE
6131,TRUE
6132,FALSE
6133,FALSE
6134,TRUE
6135,FALSE
6136,TRUE
6137,FALSE
6138,TRUE
6139,TRUE
6140,FALSE
6141,TRUE
6142,TRUE
6143,TRUE
6144,FALSE
6145,FALSE
6146,TRUE
6147,FALSE
6148,FALSE
6149,FALSE
6150,FALSE
6151,TRUE
6152,TRUE
6153,TRUE
6154,TRUE
6155,TRUE
6156,TRUE
6157,FALSE
6158,FALSE
6159,FALSE
6160,FALSE
6161,FALSE
6162,FALSE
6163,FALSE
6164,TRUE
6165,TRUE
6166,FALSE
6167,FALSE
6168,FALSE
6169,TRUE
6170,FALSE
6171,TRUE
6172,TRUE
6173,FALSE
6174,TRUE
6175,FALSE
6176,TRUE
6177,TRUE
6178,TRUE
6179,TRUE
6180,TRUE
6181,TRUE
6182,FALSE
6183,FALSE
6184,TRUE
6185,FALSE
6186,FALSE
6187,TRUE
6188,TRUE
6189,TRUE
6190,FALSE
6191,FALSE
6192,TRUE
6193,FALSE
6194,FALSE
6195,TRUE
6196,TRUE
6197,TRUE
6198,TRUE
6199,FALSE
6200,FALSE
6201,FALSE
6202,TRUE
6203,FALSE
6204,TRUE
6205,FALSE
6206,FALSE
6207,FALSE
6208,TRUE
6209,FALSE
6210,TRUE
6211,TRUE
6212,TRUE
6213,TRUE
6214,FALSE
6215,FALSE
6216,TRUE
6217,TRUE
6218,TRUE
6219,FALSE
6220,FALSE
6221,FALSE
6222,TRUE
6223,TRUE
6224,TRUE
6225,TRUE
6226,TRUE
6227,TRUE
6228,TRUE
6229,TRUE
6230,FALSE
6231,TRUE
6232,FALSE
6233,TRUE
6234,FALSE
6235,TRUE
6236,FALSE
6237,TRUE
6238,FALSE
6239,FALSE
6240,TRUE
6241,TRUE
6242,TRUE
6243,FALSE
6244,TRUE
6245,FALSE
6246,FALSE
6247,FALSE
6248,TRUE
6249,FALSE
6250,FALSE
6251,TRUE
6252,TRUE
6253,FALSE
6254,FALSE
6255,FALSE
6256,FALSE
6257,TRUE
6258,TRUE
6259,FALSE
6260,FALSE
6261,FALSE
6262,TRUE
6263,FALSE
6264,FALSE
6265,TRUE
6266,TRUE
6267,TRUE
6268,FALSE
6269,TRUE
6270,TRUE
6271,FALSE
6272,TRUE
6273,FALSE
6274,TRUE
6275,TRUE
6276,FALSE
6277,FALSE
6278,TRUE
6279,TRUE
6280,FALSE
6281,TRUE
6282,FALSE
6283,TRUE
6284,TRUE
6285,FALSE
6286,FALSE
6287,FALSE
6288,FALSE
6289,FALSE
6290,TRUE
6291,TRUE
6292,TRUE
6293,TRUE
6294,TRUE
6295,FALSE
6296,TRUE
6297,TRUE
6298,TRUE
6299,FALSE
6300,TRUE
6301,TRUE
6302,TRUE
6303,TRUE
6304,TRUE
6305,TRUE
6306,TRUE
6307,TRUE
6308,TRUE
6309,FALSE
6310,TRUE
6311,TRUE
6312,TRUE
6313,FALSE
6314,TRUE
6315,TRUE
6316,FALSE
6317,FALSE
6318,FALSE
6319,TRUE
6320,FALSE
6321,TRUE
6322,FALSE
6323,TRUE
6324,TRUE
6325,FALSE
6326,FALSE
6327,FALSE
6328,FALSE
6329,TRUE
6330,TRUE
6331,FALSE
6332,FALSE
6333,TRUE
6334,TRUE
6335,TRUE
6336,FALSE
6337,TRUE
6338,FALSE
6339,FALSE
6340,TRUE
6341,TRUE
6342,FALSE
6343,FALSE
6344,FALSE
6345,TRUE
6346,FALSE
6347,FALSE
6348,FALSE
6349,FALSE
6350,TRUE
6351,FALSE
6352,TRUE
6353,FALSE
6354,TRUE
6355,FALSE
6356,FALSE
6357,FALSE
6358,FALSE
6359,TRUE
6360,TRUE
6361,FALSE
6362,FALSE
6363,TRUE
6364,TRUE
6365,TRUE
6366,FALSE
6367,TRUE
6368,TRUE
6369,FALSE
6370,FALSE
6371,TRUE
6372,TRUE
6373,FALSE
6374,FALSE
6375,FALSE
6376,TRUE
6377,TRUE
6378,TRUE
6379,TRUE
6380,TRUE
6381,FALSE
6382,FALSE
6383,FALSE
6384,TRUE
6385,TRUE
6386,TRUE
6387,TRUE
6388,FALSE
6389,FALSE
6390,FALSE
6391,FALSE
6392,TRUE
6393,FALSE
6394,FALSE
6395,TRUE
6396,TRUE
6397,FALSE
6398,FALSE
6399,TRUE
6400,TRUE
6401,FALSE
6402,FALSE
6403,TRUE
6404,FALSE
6405,TRUE
6406,TRUE
6407,TRUE
6408,FALSE
6409,FALSE
6410,FALSE
6411,FALSE
6412,FALSE
6413,FALSE
6414,TRUE
6415,TRUE
6416,TRUE
6417,TRUE
6418,FALSE
6419,TRUE
6420,TRUE
6421,TRUE
6422,FALSE
6423,TRUE
6424,TRUE
6425,TRUE
6426,FALSE
6427,FALSE
6428,FALSE
6429,FALSE
6430,TRUE
6431,TRUE
6432,FALSE
6433,TRUE
6434,FALSE
6435,FALSE
6436,FALSE
6437,FALSE
6438,FALSE
6439,FALSE
6440,TRUE
6441,TRUE
6442,TRUE
6443,TRUE
6444,TRUE
6445,FALSE
6446,FALSE
6447,TRUE
6448,TRUE
6449,TRUE
6450,FALSE
6451,FALSE
6452,TRUE
6453,TRUE
6454,TRUE
6455,TRUE
6456,TRUE
6457,TRUE
6458,TRUE
6459,FALSE
6460,FALSE
6461,FALSE
6462,FALSE
6463,FALSE
6464,FALSE
6465,FALSE
6466,FALSE
6467,TRUE
6468,FALSE
6469,FALSE
6470,TRUE
6471,TRUE
6472,FALSE
6473,TRUE
6474,TRUE
6475,FALSE
6476,TRUE
6477,TRUE
6478,FALSE
6479,TRUE
6480,TRUE
6481,FALSE
6482,TRUE
6483,TRUE
6484,TRUE
6485,TRUE
6486,TRUE
6487,TRUE
6488,FALSE
6489,FALSE
6490,FALSE
6491,TRUE
6492,TRUE
6493,FALSE
6494,FALSE
6495,FALSE
6496,FALSE
6497,TRUE
6498,FALSE
6499,FALSE
6500,FALSE
6501,FALSE
6502,FALSE
6503,FALSE
6504,FALSE
6505,TRUE
6506,FALSE
6507,TRUE
6508,FALSE
6509,FALSE
6510,TRUE
6511,TRUE
6512,TRUE
6513,FALSE
6514,FALSE
6515,FALSE
6516,FALSE
6517,TRUE
6518,FALSE
6519,FALSE
6520,FALSE
6521,FALSE
6522,FALSE
6523,TRUE
6524,TRUE
6525,FALSE
6526,FALSE
6527,TRUE
6528,TRUE
6529,TRUE
6530,FALSE
6531,TRUE
6532,FALSE
6533,FALSE
6534,FALSE
6535,FALSE
6536,TRUE
6537,FALSE
6538,FALSE
6539,FALSE
6540,FALSE
6541,FALSE
6542,TRUE
6543,TRUE
6544,TRUE
6545,FALSE
6546,FALSE
6547,FALSE
6548,TRUE
6549,FALSE
6550,TRUE
6551,TRUE
6552,FALSE
6553,FALSE
6554,TRUE
6555,TRUE
6556,TRUE
6557,FALSE
6558,FALSE
6559,TRUE
6560,FALSE
6561,FALSE
6562,FALSE
6563,TRUE
6564,FALSE
6565,TRUE
6566,TRUE
6567,FALSE
6568,TRUE
6569,FALSE
6570,FALSE
6571,TRUE
6572,FALSE
6573,FALSE
6574,TRUE
6575,TRUE
6576,TRUE
6577,FALSE
6578,FALSE
6579,TRUE
6580,FALSE
6581,FALSE
6582,FALSE
6583,FALSE
6584,FALSE
6585,FALSE
6586,FALSE
6587,FALSE
6588,TRUE
6589,FALSE
6590,TRUE
6591,TRUE
6592,TRUE
6593,FALSE
6594,FALSE
6595,FALSE
6596,TRUE
6597,TRUE
6598,FALSE
6599,TRUE
6600,TRUE
6601,TRUE
6602,TRUE
6603,FALSE
6604,FALSE
6605,FALSE
6606,FALSE
6607,TRUE
6608,TRUE
6609,FALSE
6610,TRUE
6611,TRUE
6612,FALSE
6613,FALSE
6614,TRUE
6615,TRUE
6616,TRUE
6617,FALSE
6618,TRUE
6619,TRUE
6620,TRUE
6621,FALSE
6622,FALSE
6623,TRUE
6624,FALSE
6625,TRUE
6626,FALSE
6627,FALSE
6628,FALSE
6629,TRUE
6630,TRUE
6631,TRUE
6632,FALSE
6633,TRUE
6634,FALSE
6635,TRUE
6636,FALSE
6637,TRUE
6638,FALSE
6639,FALSE
6640,FALSE
6641,TRUE
6642,TRUE
6643,TRUE
6644,FALSE
6645,FALSE
6646,FALSE
6647,FALSE
6648,TRUE
6649,TRUE
6650,TRUE
6651,TRUE
6652,FALSE
6653,FALSE
6654,FALSE
6655,FALSE
6656,FALSE
6657,TRUE
6658,FALSE
6659,TRUE
6660,TRUE
6661,TRUE
6662,TRUE
6663,FALSE
6664,FALSE
6665,TRUE
6666,FALSE
6667,FALSE
6668,FALSE
6669,TRUE
6670,FALSE
6671,TRUE
6672,FALSE
6673,FALSE
6674,FALSE
6675,TRUE
6676,TRUE
6677,FALSE
6678,TRUE
6679,FALSE
6680,TRUE
6681,TRUE
6682,FALSE
6683,TRUE
6684,FALSE
6685,FALSE
6686,TRUE
6687,TRUE
6688,TRUE
6689,FALSE
6690,FALSE
6691,FALSE
6692,TRUE
6693,FALSE
6694,FALSE
6695,TRUE
6696,FALSE
6697,TRUE
6698,TRUE
6699,TRUE
6700,TRUE
6701,FALSE
6702,FALSE
6703,TRUE
6704,TRUE
6705,FALSE
6706,FALSE
6707,TRUE
6708,TRUE
6709,FALSE
6710,FALSE
6711,TRUE
6712,FALSE
6713,TRUE
6714,FALSE
6715,FALSE
6716,FALSE
6717,FALSE
6718,FALSE
6719,FALSE
6720,FALSE
6721,TRUE
6722,TRUE
6723,FALSE
6724,FALSE
6725,FALSE
6726,FALSE
6727,FALSE
6728,TRUE
6729,FALSE
6730,FALSE
6731,TRUE
6732,TRUE
6733,TRUE
6734,TRUE
6735,FALSE
6736,FALSE
6737,TRUE
6738,TRUE
6739,FALSE
6740,TRUE
6741,TRUE
6742,FALSE
6743,TRUE
6744,TRUE
6745,TRUE
6746,TRUE
6747,TRUE
6748,FALSE
6749,FALSE
6750,TRUE
6751,TRUE
6752,TRUE
6753,FALSE
6754,TRUE
6755,TRUE
6756,FALSE
6757,TRUE
6758,TRUE
6759,FALSE
6760,TRUE
6761,FALSE
6762,FALSE
6763,TRUE
6764,FALSE
6765,FALSE
6766,FALSE
6767,FALSE
6768,TRUE
6769,FALSE
6770,TRUE
6771,FALSE
6772,FALSE
6773,FALSE
6774,FALSE
6775,TRUE
6776,TRUE
6777,TRUE
6778,TRUE
6779,TRUE
6780,FALSE
6781,FALSE
6782,TRUE
6783,TRUE
6784,TRUE
6785,FALSE
6786,FALSE
6787,TRUE
6788,TRUE
6789,TRUE
6790,FALSE
6791,FALSE
6792,FALSE
6793,TRUE
6794,FALSE
6795,TRUE
6796,FALSE
6797,FALSE
6798,TRUE
6799,TRUE
6800,FALSE
6801,TRUE
6802,TRUE
6803,TRUE
6804,TRUE
6805,FALSE
6806,TRUE
6807,FALSE
6808,FALSE
6809,TRUE
6810,FALSE
6811,TRUE
6812,FALSE
6813,FALSE
6814,TRUE
6815,TRUE
6816,FALSE
6817,FALSE
6818,TRUE
6819,TRUE
6820,FALSE
6821,FALSE
6822,TRUE
6823,FALSE
6824,TRUE
6825,TRUE
6826,FALSE
6827,FALSE
6828,TRUE
6829,TRUE
6830,FALSE
6831,FALSE
6832,TRUE
6833,FALSE
6834,TRUE
6835,FALSE
6836,TRUE
6837,TRUE
6838,TRUE
6839,TRUE
6840,TRUE
6841,FALSE
6842,TRUE
6843,FALSE
6844,FALSE
6845,FALSE
6846,TRUE
6847,TRUE
6848,TRUE
6849,FALSE
6850,TRUE
6851,FALSE
6852,TRUE
6853,TRUE
6854,TRUE
6855,FALSE
6856,FALSE
6857,TRUE
6858,TRUE
6859,TRUE
6860,FALSE
6861,FALSE
6862,FALSE
6863,FALSE
6864,FALSE
6865,TRUE
6866,TRUE
6867,FALSE
6868,FALSE
6869,TRUE
6870,FALSE
6871,TRUE
6872,FALSE
6873,TRUE
6874,FALSE
6875,FALSE
6876,FALSE
6877,TRUE
6878,FALSE
6879,TRUE
6880,TRUE
6881,FALSE
6882,TRUE
6883,FALSE
6884,FALSE
6885,TRUE
6886,TRUE
6887,FALSE
6888,TRUE
6889,FALSE
6890,TRUE
6891,TRUE
6892,TRUE
6893,FALSE
6894,FALSE
6895,FALSE
6896,TRUE
6897,FALSE
6898,FALSE
6899,FALSE
6900,TRUE
6901,FALSE
6902,TRUE
6903,FALSE
6904,FALSE
6905,FALSE
6906,FALSE
6907,TRUE
6908,TRUE
6909,FALSE
6910,TRUE
6911,TRUE
6912,TRUE
6913,TRUE
6914,TRUE
6915,TRUE
6916,FALSE
6917,FALSE
6918,FALSE
6919,TRUE
6920,FALSE
6921,FALSE
6922,TRUE
